Id,Name
C276218D-F973-4E04-5E30-08DC894CFFB3,P. 1
E4477C07-2AEB-4C87-6BDF-08DC89FDB08E,P. 2
3669E755-6F3C-4486-9604-08DD17656FFB,P. 3
F26102A7-0CF1-4812-9605-08DD17656FFB,P. 4
3C73974A-4F0C-4E6A-9606-08DD17656FFB,P. 5
3E1F785D-7233-4302-9607-08DD17656FFB,P. 6
58EB8749-B6DE-44ED-9608-08DD17656FFB,P. 7
81BA61FE-FBE1-4943-9609-08DD17656FFB,P. 8
7828EA1E-332F-44EE-960A-08DD17656FFB,P. 9
EC754F9E-6217-4A0A-960B-08DD17656FFB,P. 10
52B10290-AC6C-4A72-960C-08DD17656FFB,P. 11
FF0F4B32-DB6C-4965-960D-08DD17656FFB,P. 12
2D7B6426-B613-481B-960E-08DD17656FFB,P. 13
880B21E2-4D0E-4BC6-960F-08DD17656FFB,P. 14
CB9E8FC8-956C-4FA4-9610-08DD17656FFB,P. 15
C4CFCA11-7C08-4ADB-9611-08DD17656FFB,P. 16
80D1D69A-15BD-4DFE-6AD4-08DD45D8CFE8,P. 17
78AAEBF5-7E11-4FE5-E305-08DD5898ABA5,P. 18
C7AF5C5C-9D2A-45FA-0AF9-08DD64BFC994,P. 19
B26CADE7-1C59-459B-591E-08DD6540AAFA,P. 20
8786356F-5B55-4EA1-591F-08DD6540AAFA,P. 21
7877AEAE-27C9-41B0-6A9D-08DD6D33672A,P. 22
43B5757E-91EC-4260-7F82-08DD6DE19A8E,P. 23
4BD7ADFE-52D2-44DB-7F83-08DD6DE19A8E,P. 24
B0DBC32C-1BBA-4075-33AE-08DD6DF6DAED,P. 25
4E1C2EA5-666C-4EBE-5A04-08DD6E503AEC,P. 26
567502D3-D217-4968-5A05-08DD6E503AEC,P. 27
AF4DB3E1-6DF5-4945-5A06-08DD6E503AEC,P. 28
246E02D7-D14A-46B8-7943-08DD767B8091,P. 29
DCA73A52-A9EA-4C2A-432A-08DDF9B9011A,P. 30
7938A54E-1E36-4751-9A6C-08DDF9E44406,P. 31
21233696-0E6C-4746-7C1E-08DE18691951,P. 32
9008A729-AC01-4C94-7C1F-08DE18691951,P. 33
41D3C01F-A160-44D1-E9EA-08DE28777B62,P. 34
D577E8CD-CBC0-4C66-E9EB-08DE28777B62,P. 35
49910217-C075-423D-E9EC-08DE28777B62,P. 36
A26A6199-0E66-491D-E9ED-08DE28777B62,P. 37
6470362E-94F2-4E12-E9EE-08DE28777B62,P. 38
CEB5EDD3-1FA8-4712-E9EF-08DE28777B62,P. 39
AA4C17F4-0797-4762-E9F0-08DE28777B62,P. 40
AB8A76E8-2077-433B-E9F1-08DE28777B62,P. 41
23E9C648-1F29-4534-E9F2-08DE28777B62,P. 42
0714B0A1-5DDB-4BE4-E9F3-08DE28777B62,P. 43
1345B345-ACC9-4A0E-E9F4-08DE28777B62,P. 44
1B03C79F-1F4F-4745-E9F5-08DE28777B62,P. 45
0112DF06-371B-4F42-E9F6-08DE28777B62,P. 46
